번호,상태,회사명,채용정보,채용형태,마감일,조회
42,모집중,오비맥주,[오비맥주] 2025 GMT/CET/SET 신입사원 채용,정규직,2025-07-20,55
41,모집중,한국원자력환경공단,한국원자력환경공단 2025년 공무직/ 휴직대체근로자/ 체험형 인턴(장애인),계약직,2025-07-15,70
40,모집중,한국원자력환경공단,한국원자력환경공단 2025년도 정기채용,정규직,2025-07-15,55
39,모집중,롯데그룹,[롯데그룹] 3·6·9·12 예측가능한 롯데그룹 채용 6월 공고 오픈 (6/20~),정규직,2025-07-20,78
38,모집대기,국회예산정책처,임기제공무원 채용 공고(분석관),정규직,2025-08-01,31
37,모집중,한국소재융합연구원,한국소재융합연구원 학생연구원(석사과정) 채용공고,계약직,2025-07-15,34
36,모집중,한국소재융합연구원,한국소재융합연구원 일반 계약직 채용 공고,계약직,2025-07-15,37
35,모집중,농림식품기술기획평가원,2025년도 정규직 채용 공고,정규직,2025-07-15,53
34,모집중,한국소재융합연구원,한국소재융합연구원 과제참여연구원 채용공고,계약직,2025-07-15,33
33,모집중,지티엑스에이운영(주),[지티엑스에이운영(주) 2025년 신입사원 공개채용] (~7/17),정규직,2025-07-17,26
32,모집중,부산남구문화재단,부산남구문화재단 직원 임용예정자 채용,정규직,2025-07-14,101
31,모집중,심슨어학원,2025 심슨어학원 공개채용,정규직,2025-07-26,54
30,모집중,Centific Global Solutions,프리랜서 채용 정보,계약직,2025-07-31,51
29,모집중, 에이에스아이코리아㈜,기술영업직 채용공고,정규직,2025-07-30,37
28,모집중,(주)삼원강재,[삼원강재/ 포항]2025년 상반기 회계/ 재무부문 신입(경력)사원 채용 안내입니다.,정규직,2025-08-31,33
27,모집중,KB라이프생명,GA사업추진파트 신입 및 경력 계약직(총무) 채용,계약직,2025-07-24,29
26,모집중,안진회계법인,[딜로이트 안진회계법인] 2025 신입회계사 정기채용,정규직,2025-08-08,32
25,모집중,알파라발코헥스,알파라발코헥스 (김해) 엔지니어링 계약직 공고,계약직,2025-08-04,62
24,모집중,국립보건연구원,2025년도 하반기 국립보건연구원 박사 후 연구생 상시채용 공고,계약직,2025-07-19,48
23,모집중,리더스어학원,영어 선생님,정규직,2025-07-25,23
22,모집중,글로벌라이프사이언스솔루션즈코리아(유),[Cytiva Korea] 신입사원 채용 공고_Service Sales Specialist / Diagnostics and Genomics FAS,정규직,2025-07-31,46
21,모집중,오비맥주,채용 프로그램 모집,정규직,2025-07-20,139
20,모집중,울산과학대학교,정규직(전산분야) 채용,정규직,2025-07-21,48
19,모집중,티니어,[티니어] 수익 전략 매니저 (경력무관),정규직,2025-07-16,32
18,모집중,티니어,[티니어] 프로덕트디자이너 (3년 이상),정규직,2025-07-16,31
17,모집중,법무법인(유한) 대륜,법무법인(유한) 대륜 미래전략실 영국인/미국인 비서관 채용,정규직,2025-08-15,35
16,모집중,안진회계법인,[딜로이트 안진회계법인] T&T부문 BCM/Risk Management/IT/DX 컨설팅 계약직(신입/정규직 전환),계약직,2025-09-04,29
15,모집중,(주)에듀빅뱅,심슨대폭발과학사회학원 인재채용,정규직,2025-07-31,82
14,모집중,KSM그룹,[KSM그룹] 2025년 수시 채용 공고,정규직,2025-08-23,107
13,모집중,태창기계공업(주),태창기계공업(주) 신입/경력 사원 채용 공고,정규직,2025-07-21,112
12,모집중,법무법인 대륜,법무법인(유한) 대륜 미래전략실 일본인 비서관 채용(부산),정규직,2025-07-31,77
11,모집중,법무법인 대륜,법무법인(유한) 대륜 미래전략실 일본인 비서관 채용(서울),정규직,2025-07-31,50
10,모집중,법무법인 대륜,법무법인(유한) 대륜 미래전략실 영미권 비서관 채용,정규직,2025-07-31,63
9,모집중,비쥬얼쇼크,[비쥬얼쇼크] 대표 직속 신사업 프로젝트팀 채용 / 실행력·성장력 끝판왕 찾습니다 (신입 무관),인턴 후 정규직 전환,2025-12-31,106
8,모집중,(주)서스틴베스트,[서스틴베스트] 솔루션본부 투자자솔루션팀 의안분석파트 연구원~선임연구원 채용,정규직,2025-07-23,55
7,모집중,주식회사태랑,?? [포쌤수학과학학원] 지구과학 전문 강사 채용 (김해지역),계약직,2025-07-31,68
6,모집중,현대자동차,2025년 Here We Go 프로그램 교육생 모집,인턴 후 정규직 전환,2025-07-17,645
5,모집중,OJNT,싱가포르 해외취업 채용공고 안내,정규직,2025-12-31,256
4,모집중,한국기술신용평가 주식회사,한국기술신용평가(K-TCB) 기술신용평가(TCB) 연구원 채용,정규직,2025-12-31,220
3,모집중,여기어때컴퍼니,[여기어때컴퍼니] AD Sales Manager [경남지역] 포지션 상시채용,정규직,2029-01-01,435
2,모집중,토스페이먼츠,[토스페이먼츠] Server Developer 상시채용,정규직,2029-01-01,256
